Workbook

Sheet Instrucciones
B2: Ruta Académica
B3: Plantilla de planificación semanal para quien estudia a distancia y trabaja
B5: Cómo usarla (unos 5 minutos)
B6: 1. Hoja «Asignaturas»: escribe tus materias y sus créditos (hasta 12).
B7: 2. Hoja «Actividades»: una fila por entrega. Todo se elige con desplegables: asignatura, prioridad y estado. Escribe la fecha y la hora límite.
B8: 3. Marca «Fecha verificada» = Sí solo cuando hayas comparado la fecha de la plataforma con el enunciado o el correo del docente.
B9: 4. Mira «Semana» (qué toca ahora), «Carga» (semanas con muchas entregas) y «Progreso» (avance por asignatura). Se actualizan solas.
B11: Colores
B12: Encabezado azul: aquí escribes tú
B13: Encabezado gris: se calcula solo, no lo borres
B15: Ajustes (puedes cambiarlos)
B16: Días antes de la entrega para marcar «Urgente» | C16: 2 | D16: Valores iniciales definidos por el equipo; ajústalos a tu ritmo.
B17: Entregas en 7 días para marcar «Semana cargada» | C17: 3
B19: Antes de empezar
B20: • Las filas 2 a 10 de «Actividades» y las materias de «Asignaturas» son EJEMPLOS con datos ficticios. Bórralas antes de usar la plantilla.
B21: • Para borrar, selecciona solo las columnas azules (A a G en «Actividades») y presiona Suprimir. No elimines filas ni columnas.
B22: • Las fechas de ejemplo corresponden a septiembre y octubre de 2026.
B23: • Funciona igual en Google Sheets: sube el archivo a Drive y ábrelo con Hojas de cálculo de Google.

Sheet Asignaturas
A1: Asignatura | B1: Créditos | C1: Peso en la carga | E1: Los créditos sirven para ver qué asignatura pesa más en tu carga.
A2: Cálculo diferencial | B2: 3 | C2: =IF(OR(A2="",B2=""),"",IF(SUM($B$2:$B$13)=0,"",B2/SUM($B$2:$B$13))) -> 0.25
A3: Bases de datos | B3: 4 | C3: =IF(OR(A3="",B3=""),"",IF(SUM($B$2:$B$13)=0,"",B3/SUM($B$2:$B$13))) -> 0.33333333
A4: Inglés | B4: 2 | C4: =IF(OR(A4="",B4=""),"",IF(SUM($B$2:$B$13)=0,"",B4/SUM($B$2:$B$13))) -> 0.16666667
A5: Seminario investigativo | B5: 3 | C5: =IF(OR(A5="",B5=""),"",IF(SUM($B$2:$B$13)=0,"",B5/SUM($B$2:$B$13))) -> 0.25
C6: =IF(OR(A6="",B6=""),"",IF(SUM($B$2:$B$13)=0,"",B6/SUM($B$2:$B$13)))
C7: =IF(OR(A7="",B7=""),"",IF(SUM($B$2:$B$13)=0,"",B7/SUM($B$2:$B$13)))
C8: =IF(OR(A8="",B8=""),"",IF(SUM($B$2:$B$13)=0,"",B8/SUM($B$2:$B$13)))
C9: =IF(OR(A9="",B9=""),"",IF(SUM($B$2:$B$13)=0,"",B9/SUM($B$2:$B$13)))
C10: =IF(OR(A10="",B10=""),"",IF(SUM($B$2:$B$13)=0,"",B10/SUM($B$2:$B$13)))
C11: =IF(OR(A11="",B11=""),"",IF(SUM($B$2:$B$13)=0,"",B11/SUM($B$2:$B$13)))
C12: =IF(OR(A12="",B12=""),"",IF(SUM($B$2:$B$13)=0,"",B12/SUM($B$2:$B$13)))
C13: =IF(OR(A13="",B13=""),"",IF(SUM($B$2:$B$13)=0,"",B13/SUM($B$2:$B$13)))

Sheet Actividades
A1: Actividad | B1: Asignatura | C1: Fecha límite | D1: Hora límite | E1: Fecha verificada | F1: Prioridad | G1: Estado | H1: Días restantes | I1: Alerta | J1: Clave | K1: Orden
A2: Taller 3: límites | B2: Cálculo diferencial | C2: 46297 | D2: 0.99930556 | E2: Sí | F2: Alta | G2: En proceso | H2: =IF(OR(A2="",C2=""),"",C2-TODAY()) -> 3 | I2: =IF(OR(A2="",C2=""),"",IF(G2="Terminada","Hecha",IF(C2<TODAY(),"Vencida",IF(C2-TODAY()<=Instrucciones!$C$16,"Urgente",IF(E2<>"Sí","Verificar fecha",""))))) | J2: =IF(OR($A2="",$C2="",$G2="Terminada"),"",IF($C2<=TODAY()+6,$C2+ROW()/100000,"")) -> 46297 | K2: =IF(J2="","",COUNTIF($J$2:$J$201,"<"&J2)+1) -> 3
A3: Quiz de normalización | B3: Bases de datos | C3: 46295 | D3: 0.83333333 | E3: No | F3: Alta | G3: Pendiente | H3: =IF(OR(A3="",C3=""),"",C3-TODAY()) -> 1 | I3: =IF(OR(A3="",C3=""),"",IF(G3="Terminada","Hecha",IF(C3<TODAY(),"Vencida",IF(C3-TODAY()<=Instrucciones!$C$16,"Urgente",IF(E3<>"Sí","Verificar fecha",""))))) -> Urgente | J3: =IF(OR($A3="",$C3="",$G3="Terminada"),"",IF($C3<=TODAY()+6,$C3+ROW()/100000,"")) -> 46295 | K3: =IF(J3="","",COUNTIF($J$2:$J$201,"<"&J3)+1) -> 2
A4: Ensayo en inglés | B4: Inglés | C4: 46300 | D4: 0.99930556 | E4: Sí | F4: Media | G4: Pendiente | H4: =IF(OR(A4="",C4=""),"",C4-TODAY()) -> 6 | I4: =IF(OR(A4="",C4=""),"",IF(G4="Terminada","Hecha",IF(C4<TODAY(),"Vencida",IF(C4-TODAY()<=Instrucciones!$C$16,"Urgente",IF(E4<>"Sí","Verificar fecha",""))))) | J4: =IF(OR($A4="",$C4="",$G4="Terminada"),"",IF($C4<=TODAY()+6,$C4+ROW()/100000,"")) -> 46300 | K4: =IF(J4="","",COUNTIF($J$2:$J$201,"<"&J4)+1) -> 4
A5: Avance del artículo | B5: Seminario investigativo | C5: 46304 | D5: 0.99930556 | E5: Sí | F5: Alta | G5: Pendiente | H5: =IF(OR(A5="",C5=""),"",C5-TODAY()) -> 10 | I5: =IF(OR(A5="",C5=""),"",IF(G5="Terminada","Hecha",IF(C5<TODAY(),"Vencida",IF(C5-TODAY()<=Instrucciones!$C$16,"Urgente",IF(E5<>"Sí","Verificar fecha",""))))) | J5: =IF(OR($A5="",$C5="",$G5="Terminada"),"",IF($C5<=TODAY()+6,$C5+ROW()/100000,"")) | K5: =IF(J5="","",COUNTIF($J$2:$J$201,"<"&J5)+1)
A6: Parcial 1 | B6: Cálculo diferencial | C6: 46302 | D6: 0.79166667 | E6: Sí | F6: Alta | G6: Pendiente | H6: =IF(OR(A6="",C6=""),"",C6-TODAY()) -> 8 | I6: =IF(OR(A6="",C6=""),"",IF(G6="Terminada","Hecha",IF(C6<TODAY(),"Vencida",IF(C6-TODAY()<=Instrucciones!$C$16,"Urgente",IF(E6<>"Sí","Verificar fecha",""))))) | J6: =IF(OR($A6="",$C6="",$G6="Terminada"),"",IF($C6<=TODAY()+6,$C6+ROW()/100000,"")) | K6: =IF(J6="","",COUNTIF($J$2:$J$201,"<"&J6)+1)
A7: Proyecto: modelo entidad-relación | B7: Bases de datos | C7: 46307 | D7: 0.99930556 | E7: No | F7: Media | G7: Pendiente | H7: =IF(OR(A7="",C7=""),"",C7-TODAY()) -> 13 | I7: =IF(OR(A7="",C7=""),"",IF(G7="Terminada","Hecha",IF(C7<TODAY(),"Vencida",IF(C7-TODAY()<=Instrucciones!$C$16,"Urgente",IF(E7<>"Sí","Verificar fecha",""))))) -> Verificar fecha | J7: =IF(OR($A7="",$C7="",$G7="Terminada"),"",IF($C7<=TODAY()+6,$C7+ROW()/100000,"")) | K7: =IF(J7="","",COUNTIF($J$2:$J$201,"<"&J7)+1)
A8: Foro de discusión | B8: Seminario investigativo | C8: 46292 | D8: 0.99930556 | E8: Sí | F8: Baja | G8: Terminada | H8: =IF(OR(A8="",C8=""),"",C8-TODAY()) -> -2 | I8: =IF(OR(A8="",C8=""),"",IF(G8="Terminada","Hecha",IF(C8<TODAY(),"Vencida",IF(C8-TODAY()<=Instrucciones!$C$16,"Urgente",IF(E8<>"Sí","Verificar fecha",""))))) -> Hecha | J8: =IF(OR($A8="",$C8="",$G8="Terminada"),"",IF($C8<=TODAY()+6,$C8+ROW()/100000,"")) | K8: =IF(J8="","",COUNTIF($J$2:$J$201,"<"&J8)+1)
A9: Lectura y resumen | B9: Inglés | C9: 46293 | D9: 0.99930556 | E9: Sí | F9: Baja | G9: En proceso | H9: =IF(OR(A9="",C9=""),"",C9-TODAY()) -> -1 | I9: =IF(OR(A9="",C9=""),"",IF(G9="Terminada","Hecha",IF(C9<TODAY(),"Vencida",IF(C9-TODAY()<=Instrucciones!$C$16,"Urgente",IF(E9<>"Sí","Verificar fecha",""))))) -> Vencida | J9: =IF(OR($A9="",$C9="",$G9="Terminada"),"",IF($C9<=TODAY()+6,$C9+ROW()/100000,"")) -> 46293 | K9: =IF(J9="","",COUNTIF($J$2:$J$201,"<"&J9)+1) -> 1
A10: Taller 4: derivadas | B10: Cálculo diferencial | C10: 46311 | D10: 0.99930556 | E10: Sí | F10: Media | G10: Pendiente | H10: =IF(OR(A10="",C10=""),"",C10-TODAY()) -> 17 | I10: =IF(OR(A10="",C10=""),"",IF(G10="Terminada","Hecha",IF(C10<TODAY(),"Vencida",IF(C10-TODAY()<=Instrucciones!$C$16,"Urgente",IF(E10<>"Sí","Verificar fecha",""))))) | J10: =IF(OR($A10="",$C10="",$G10="Terminada"),"",IF($C10<=TODAY()+6,$C10+ROW()/100000,"")) | K10: =IF(J10="","",COUNTIF($J$2:$J$201,"<"&J10)+1)
H11: =IF(OR(A11="",C11=""),"",C11-TODAY()) | I11: =IF(OR(A11="",C11=""),"",IF(G11="Terminada","Hecha",IF(C11<TODAY(),"Vencida",IF(C11-TODAY()<=Instrucciones!$C$16,"Urgente",IF(E11<>"Sí","Verificar fecha",""))))) | J11: =IF(OR($A11="",$C11="",$G11="Terminada"),"",IF($C11<=TODAY()+6,$C11+ROW()/100000,"")) | K11: =IF(J11="","",COUNTIF($J$2:$J$201,"<"&J11)+1)
H12: =IF(OR(A12="",C12=""),"",C12-TODAY()) | I12: =IF(OR(A12="",C12=""),"",IF(G12="Terminada","Hecha",IF(C12<TODAY(),"Vencida",IF(C12-TODAY()<=Instrucciones!$C$16,"Urgente",IF(E12<>"Sí","Verificar fecha",""))))) | J12: =IF(OR($A12="",$C12="",$G12="Terminada"),"",IF($C12<=TODAY()+6,$C12+ROW()/100000,"")) | K12: =IF(J12="","",COUNTIF($J$2:$J$201,"<"&J12)+1)
H13: =IF(OR(A13="",C13=""),"",C13-TODAY()) | I13: =IF(OR(A13="",C13=""),"",IF(G13="Terminada","Hecha",IF(C13<TODAY(),"Vencida",IF(C13-TODAY()<=Instrucciones!$C$16,"Urgente",IF(E13<>"Sí","Verificar fecha",""))))) | J13: =IF(OR($A13="",$C13="",$G13="Terminada"),"",IF($C13<=TODAY()+6,$C13+ROW()/100000,"")) | K13: =IF(J13="","",COUNTIF($J$2:$J$201,"<"&J13)+1)
H14: =IF(OR(A14="",C14=""),"",C14-TODAY()) | I14: =IF(OR(A14="",C14=""),"",IF(G14="Terminada","Hecha",IF(C14<TODAY(),"Vencida",IF(C14-TODAY()<=Instrucciones!$C$16,"Urgente",IF(E14<>"Sí","Verificar fecha",""))))) | J14: =IF(OR($A14="",$C14="",$G14="Terminada"),"",IF($C14<=TODAY()+6,$C14+ROW()/100000,"")) | K14: =IF(J14="","",COUNTIF($J$2:$J$201,"<"&J14)+1)
H15: =IF(OR(A15="",C15=""),"",C15-TODAY()) | I15: =IF(OR(A15="",C15=""),"",IF(G15="Terminada","Hecha",IF(C15<TODAY(),"Vencida",IF(C15-TODAY()<=Instrucciones!$C$16,"Urgente",IF(E15<>"Sí","Verificar fecha",""))))) | J15: =IF(OR($A15="",$C15="",$G15="Terminada"),"",IF($C15<=TODAY()+6,$C15+ROW()/100000,"")) | K15: =IF(J15="","",COUNTIF($J$2:$J$201,"<"&J15)+1)
H16: =IF(OR(A16="",C16=""),"",C16-TODAY()) | I16: =IF(OR(A16="",C16=""),"",IF(G16="Terminada","Hecha",IF(C16<TODAY(),"Vencida",IF(C16-TODAY()<=Instrucciones!$C$16,"Urgente",IF(E16<>"Sí","Verificar fecha",""))))) | J16: =IF(OR($A16="",$C16="",$G16="Terminada"),"",IF($C16<=TODAY()+6,$C16+ROW()/100000,"")) | K16: =IF(J16="","",COUNTIF($J$2:$J$201,"<"&J16)+1)
H17: =IF(OR(A17="",C17=""),"",C17-TODAY()) | I17: =IF(OR(A17="",C17=""),"",IF(G17="Terminada","Hecha",IF(C17<TODAY(),"Vencida",IF(C17-TODAY()<=Instrucciones!$C$16,"Urgente",IF(E17<>"Sí","Verificar fecha",""))))) | J17: =IF(OR($A17="",$C17="",$G17="Terminada"),"",IF($C17<=TODAY()+6,$C17+ROW()/100000,"")) | K17: =IF(J17="","",COUNTIF($J$2:$J$201,"<"&J17)+1)
H18: =IF(OR(A18="",C18=""),"",C18-TODAY()) | I18: =IF(OR(A18="",C18=""),"",IF(G18="Terminada","Hecha",IF(C18<TODAY(),"Vencida",IF(C18-TODAY()<=Instrucciones!$C$16,"Urgente",IF(E18<>"Sí","Verificar fecha",""))))) | J18: =IF(OR($A18="",$C18="",$G18="Terminada"),"",IF($C18<=TODAY()+6,$C18+ROW()/100000,"")) | K18: =IF(J18="","",COUNTIF($J$2:$J$201,"<"&J18)+1)
H19: =IF(OR(A19="",C19=""),"",C19-TODAY()) | I19: =IF(OR(A19="",C19=""),"",IF(G19="Terminada","Hecha",IF(C19<TODAY(),"Vencida",IF(C19-TODAY()<=Instrucciones!$C$16,"Urgente",IF(E19<>"Sí","Verificar fecha",""))))) | J19: =IF(OR($A19="",$C19="",$G19="Terminada"),"",IF($C19<=TODAY()+6,$C19+ROW()/100000,"")) | K19: =IF(J19="","",COUNTIF($J$2:$J$201,"<"&J19)+1)
H20: =IF(OR(A20="",C20=""),"",C20-TODAY()) | I20: =IF(OR(A20="",C20=""),"",IF(G20="Terminada","Hecha",IF(C20<TODAY(),"Vencida",IF(C20-TODAY()<=Instrucciones!$C$16,"Urgente",IF(E20<>"Sí","Verificar fecha",""))))) | J20: =IF(OR($A20="",$C20="",$G20="Terminada"),"",IF($C20<=TODAY()+6,$C20+ROW()/100000,"")) | K20: =IF(J20="","",COUNTIF($J$2:$J$201,"<"&J20)+1)
H21: =IF(OR(A21="",C21=""),"",C21-TODAY()) | I21: =IF(OR(A21="",C21=""),"",IF(G21="Terminada","Hecha",IF(C21<TODAY(),"Vencida",IF(C21-TODAY()<=Instrucciones!$C$16,"Urgente",IF(E21<>"Sí","Verificar fecha",""))))) | J21: =IF(OR($A21="",$C21="",$G21="Terminada"),"",IF($C21<=TODAY()+6,$C21+ROW()/100000,"")) | K21: =IF(J21="","",COUNTIF($J$2:$J$201,"<"&J21)+1)
H22: =IF(OR(A22="",C22=""),"",C22-TODAY()) | I22: =IF(OR(A22="",C22=""),"",IF(G22="Terminada","Hecha",IF(C22<TODAY(),"Vencida",IF(C22-TODAY()<=Instrucciones!$C$16,"Urgente",IF(E22<>"Sí","Verificar fecha",""))))) | J22: =IF(OR($A22="",$C22="",$G22="Terminada"),"",IF($C22<=TODAY()+6,$C22+ROW()/100000,"")) | K22: =IF(J22="","",COUNTIF($J$2:$J$201,"<"&J22)+1)
... H201: =IF(OR(A201="",C201=""),"",C201-TODAY()) | I201: =IF(OR(A201="",C201=""),"",IF(G201="Terminada","Hecha",IF(C201<TODAY(),"Vencida",IF(C201-TODAY()<=Instrucciones!$C$16,"Urgente",IF(E201<>"Sí","Verificar fecha",""))))) | J201: =IF(OR($A201="",$C201="",$G201="Terminada"),"",IF($C201<=TODAY()+6,$C201+ROW()/100000,"")) | K201: =IF(J201="","",COUNTIF($J$2:$J$201,"<"&J201)+1)

Sheet Semana
A1: Esta semana: vencidas y próximos 7 días
A2: Hoy: | B2: =TODAY() -> 46294
A3: =IF(COUNT(Actividades!$K$2:$K$201)=0,"No tienes entregas pendientes por ahora.",COUNT(Actividades!$K$2:$K$201)&" entrega(s) pendiente(s) para ver primero.") -> 4 entrega(s) pendiente(s) para ver primero.
A5: N.º | B5: Fecha | C5: Día | D5: Hora | E5: Actividad | F5: Asignatura | G5: Prioridad | H5: Estado | I5: Alerta | J5: idx
A6: 1 | B6: =IF($J6="","",INDEX(Actividades!$C$2:$C$201,$J6)) -> 46293 | C6: =IF($B6="","",CHOOSE(WEEKDAY($B6,2),"Lun","Mar","Mié","Jue","Vie","Sáb","Dom")) -> Lun | D6: =IF($J6="","",IF(INDEX(Actividades!$D$2:$D$201,$J6)="","",INDEX(Actividades!$D$2:$D$201,$J6))) -> 0.99930556 | E6: =IF($J6="","",INDEX(Actividades!$A$2:$A$201,$J6)) -> Lectura y resumen | F6: =IF($J6="","",INDEX(Actividades!$B$2:$B$201,$J6)) -> Inglés | G6: =IF($J6="","",INDEX(Actividades!$F$2:$F$201,$J6)) -> Baja | H6: =IF($J6="","",INDEX(Actividades!$G$2:$G$201,$J6)) -> En proceso | I6: =IF($J6="","",INDEX(Actividades!$I$2:$I$201,$J6)) -> Vencida | J6: =IFERROR(MATCH($A6,Actividades!$K$2:$K$201,0),"") -> 8
A7: 2 | B7: =IF($J7="","",INDEX(Actividades!$C$2:$C$201,$J7)) -> 46295 | C7: =IF($B7="","",CHOOSE(WEEKDAY($B7,2),"Lun","Mar","Mié","Jue","Vie","Sáb","Dom")) -> Mié | D7: =IF($J7="","",IF(INDEX(Actividades!$D$2:$D$201,$J7)="","",INDEX(Actividades!$D$2:$D$201,$J7))) -> 0.83333333 | E7: =IF($J7="","",INDEX(Actividades!$A$2:$A$201,$J7)) -> Quiz de normalización | F7: =IF($J7="","",INDEX(Actividades!$B$2:$B$201,$J7)) -> Bases de datos | G7: =IF($J7="","",INDEX(Actividades!$F$2:$F$201,$J7)) -> Alta | H7: =IF($J7="","",INDEX(Actividades!$G$2:$G$201,$J7)) -> Pendiente | I7: =IF($J7="","",INDEX(Actividades!$I$2:$I$201,$J7)) -> Urgente | J7: =IFERROR(MATCH($A7,Actividades!$K$2:$K$201,0),"") -> 2
A8: 3 | B8: =IF($J8="","",INDEX(Actividades!$C$2:$C$201,$J8)) -> 46297 | C8: =IF($B8="","",CHOOSE(WEEKDAY($B8,2),"Lun","Mar","Mié","Jue","Vie","Sáb","Dom")) -> Vie | D8: =IF($J8="","",IF(INDEX(Actividades!$D$2:$D$201,$J8)="","",INDEX(Actividades!$D$2:$D$201,$J8))) -> 0.99930556 | E8: =IF($J8="","",INDEX(Actividades!$A$2:$A$201,$J8)) -> Taller 3: límites | F8: =IF($J8="","",INDEX(Actividades!$B$2:$B$201,$J8)) -> Cálculo diferencial | G8: =IF($J8="","",INDEX(Actividades!$F$2:$F$201,$J8)) -> Alta | H8: =IF($J8="","",INDEX(Actividades!$G$2:$G$201,$J8)) -> En proceso | I8: =IF($J8="","",INDEX(Actividades!$I$2:$I$201,$J8)) | J8: =IFERROR(MATCH($A8,Actividades!$K$2:$K$201,0),"") -> 1
A9: 4 | B9: =IF($J9="","",INDEX(Actividades!$C$2:$C$201,$J9)) -> 46300 | C9: =IF($B9="","",CHOOSE(WEEKDAY($B9,2),"Lun","Mar","Mié","Jue","Vie","Sáb","Dom")) -> Lun | D9: =IF($J9="","",IF(INDEX(Actividades!$D$2:$D$201,$J9)="","",INDEX(Actividades!$D$2:$D$201,$J9))) -> 0.99930556 | E9: =IF($J9="","",INDEX(Actividades!$A$2:$A$201,$J9)) -> Ensayo en inglés | F9: =IF($J9="","",INDEX(Actividades!$B$2:$B$201,$J9)) -> Inglés | G9: =IF($J9="","",INDEX(Actividades!$F$2:$F$201,$J9)) -> Media | H9: =IF($J9="","",INDEX(Actividades!$G$2:$G$201,$J9)) -> Pendiente | I9: =IF($J9="","",INDEX(Actividades!$I$2:$I$201,$J9)) | J9: =IFERROR(MATCH($A9,Actividades!$K$2:$K$201,0),"") -> 3
A10: 5 | B10: =IF($J10="","",INDEX(Actividades!$C$2:$C$201,$J10)) | C10: =IF($B10="","",CHOOSE(WEEKDAY($B10,2),"Lun","Mar","Mié","Jue","Vie","Sáb","Dom")) | D10: =IF($J10="","",IF(INDEX(Actividades!$D$2:$D$201,$J10)="","",INDEX(Actividades!$D$2:$D$201,$J10))) | E10: =IF($J10="","",INDEX(Actividades!$A$2:$A$201,$J10)) | F10: =IF($J10="","",INDEX(Actividades!$B$2:$B$201,$J10)) | G10: =IF($J10="","",INDEX(Actividades!$F$2:$F$201,$J10)) | H10: =IF($J10="","",INDEX(Actividades!$G$2:$G$201,$J10)) | I10: =IF($J10="","",INDEX(Actividades!$I$2:$I$201,$J10)) | J10: =IFERROR(MATCH($A10,Actividades!$K$2:$K$201,0),"")
A11: 6 | B11: =IF($J11="","",INDEX(Actividades!$C$2:$C$201,$J11)) | C11: =IF($B11="","",CHOOSE(WEEKDAY($B11,2),"Lun","Mar","Mié","Jue","Vie","Sáb","Dom")) | D11: =IF($J11="","",IF(INDEX(Actividades!$D$2:$D$201,$J11)="","",INDEX(Actividades!$D$2:$D$201,$J11))) | E11: =IF($J11="","",INDEX(Actividades!$A$2:$A$201,$J11)) | F11: =IF($J11="","",INDEX(Actividades!$B$2:$B$201,$J11)) | G11: =IF($J11="","",INDEX(Actividades!$F$2:$F$201,$J11)) | H11: =IF($J11="","",INDEX(Actividades!$G$2:$G$201,$J11)) | I11: =IF($J11="","",INDEX(Actividades!$I$2:$I$201,$J11)) | J11: =IFERROR(MATCH($A11,Actividades!$K$2:$K$201,0),"")
A12: 7 | B12: =IF($J12="","",INDEX(Actividades!$C$2:$C$201,$J12)) | C12: =IF($B12="","",CHOOSE(WEEKDAY($B12,2),"Lun","Mar","Mié","Jue","Vie","Sáb","Dom")) | D12: =IF($J12="","",IF(INDEX(Actividades!$D$2:$D$201,$J12)="","",INDEX(Actividades!$D$2:$D$201,$J12))) | E12: =IF($J12="","",INDEX(Actividades!$A$2:$A$201,$J12)) | F12: =IF($J12="","",INDEX(Actividades!$B$2:$B$201,$J12)) | G12: =IF($J12="","",INDEX(Actividades!$F$2:$F$201,$J12)) | H12: =IF($J12="","",INDEX(Actividades!$G$2:$G$201,$J12)) | I12: =IF($J12="","",INDEX(Actividades!$I$2:$I$201,$J12)) | J12: =IFERROR(MATCH($A12,Actividades!$K$2:$K$201,0),"")
A13: 8 | B13: =IF($J13="","",INDEX(Actividades!$C$2:$C$201,$J13)) | C13: =IF($B13="","",CHOOSE(WEEKDAY($B13,2),"Lun","Mar","Mié","Jue","Vie","Sáb","Dom")) | D13: =IF($J13="","",IF(INDEX(Actividades!$D$2:$D$201,$J13)="","",INDEX(Actividades!$D$2:$D$201,$J13))) | E13: =IF($J13="","",INDEX(Actividades!$A$2:$A$201,$J13)) | F13: =IF($J13="","",INDEX(Actividades!$B$2:$B$201,$J13)) | G13: =IF($J13="","",INDEX(Actividades!$F$2:$F$201,$J13)) | H13: =IF($J13="","",INDEX(Actividades!$G$2:$G$201,$J13)) | I13: =IF($J13="","",INDEX(Actividades!$I$2:$I$201,$J13)) | J13: =IFERROR(MATCH($A13,Actividades!$K$2:$K$201,0),"")
A14: 9 | B14: =IF($J14="","",INDEX(Actividades!$C$2:$C$201,$J14)) | C14: =IF($B14="","",CHOOSE(WEEKDAY($B14,2),"Lun","Mar","Mié","Jue","Vie","Sáb","Dom")) | D14: =IF($J14="","",IF(INDEX(Actividades!$D$2:$D$201,$J14)="","",INDEX(Actividades!$D$2:$D$201,$J14))) | E14: =IF($J14="","",INDEX(Actividades!$A$2:$A$201,$J14)) | F14: =IF($J14="","",INDEX(Actividades!$B$2:$B$201,$J14)) | G14: =IF($J14="","",INDEX(Actividades!$F$2:$F$201,$J14)) | H14: =IF($J14="","",INDEX(Actividades!$G$2:$G$201,$J14)) | I14: =IF($J14="","",INDEX(Actividades!$I$2:$I$201,$J14)) | J14: =IFERROR(MATCH($A14,Actividades!$K$2:$K$201,0),"")
A15: 10 | B15: =IF($J15="","",INDEX(Actividades!$C$2:$C$201,$J15)) | C15: =IF($B15="","",CHOOSE(WEEKDAY($B15,2),"Lun","Mar","Mié","Jue","Vie","Sáb","Dom")) | D15: =IF($J15="","",IF(INDEX(Actividades!$D$2:$D$201,$J15)="","",INDEX(Actividades!$D$2:$D$201,$J15))) | E15: =IF($J15="","",INDEX(Actividades!$A$2:$A$201,$J15)) | F15: =IF($J15="","",INDEX(Actividades!$B$2:$B$201,$J15)) | G15: =IF($J15="","",INDEX(Actividades!$F$2:$F$201,$J15)) | H15: =IF($J15="","",INDEX(Actividades!$G$2:$G$201,$J15)) | I15: =IF($J15="","",INDEX(Actividades!$I$2:$I$201,$J15)) | J15: =IFERROR(MATCH($A15,Actividades!$K$2:$K$201,0),"")
A16: 11 | B16: =IF($J16="","",INDEX(Actividades!$C$2:$C$201,$J16)) | C16: =IF($B16="","",CHOOSE(WEEKDAY($B16,2),"Lun","Mar","Mié","Jue","Vie","Sáb","Dom")) | D16: =IF($J16="","",IF(INDEX(Actividades!$D$2:$D$201,$J16)="","",INDEX(Actividades!$D$2:$D$201,$J16))) | E16: =IF($J16="","",INDEX(Actividades!$A$2:$A$201,$J16)) | F16: =IF($J16="","",INDEX(Actividades!$B$2:$B$201,$J16)) | G16: =IF($J16="","",INDEX(Actividades!$F$2:$F$201,$J16)) | H16: =IF($J16="","",INDEX(Actividades!$G$2:$G$201,$J16)) | I16: =IF($J16="","",INDEX(Actividades!$I$2:$I$201,$J16)) | J16: =IFERROR(MATCH($A16,Actividades!$K$2:$K$201,0),"")
A17: 12 | B17: =IF($J17="","",INDEX(Actividades!$C$2:$C$201,$J17)) | C17: =IF($B17="","",CHOOSE(WEEKDAY($B17,2),"Lun","Mar","Mié","Jue","Vie","Sáb","Dom")) | D17: =IF($J17="","",IF(INDEX(Actividades!$D$2:$D$201,$J17)="","",INDEX(Actividades!$D$2:$D$201,$J17))) | E17: =IF($J17="","",INDEX(Actividades!$A$2:$A$201,$J17)) | F17: =IF($J17="","",INDEX(Actividades!$B$2:$B$201,$J17)) | G17: =IF($J17="","",INDEX(Actividades!$F$2:$F$201,$J17)) | H17: =IF($J17="","",INDEX(Actividades!$G$2:$G$201,$J17)) | I17: =IF($J17="","",INDEX(Actividades!$I$2:$I$201,$J17)) | J17: =IFERROR(MATCH($A17,Actividades!$K$2:$K$201,0),"")
... A20: 15 | B20: =IF($J20="","",INDEX(Actividades!$C$2:$C$201,$J20)) | C20: =IF($B20="","",CHOOSE(WEEKDAY($B20,2),"Lun","Mar","Mié","Jue","Vie","Sáb","Dom")) | D20: =IF($J20="","",IF(INDEX(Actividades!$D$2:$D$201,$J20)="","",INDEX(Actividades!$D$2:$D$201,$J20))) | E20: =IF($J20="","",INDEX(Actividades!$A$2:$A$201,$J20)) | F20: =IF($J20="","",INDEX(Actividades!$B$2:$B$201,$J20)) | G20: =IF($J20="","",INDEX(Actividades!$F$2:$F$201,$J20)) | H20: =IF($J20="","",INDEX(Actividades!$G$2:$G$201,$J20)) | I20: =IF($J20="","",INDEX(Actividades!$I$2:$I$201,$J20)) | J20: =IFERROR(MATCH($A20,Actividades!$K$2:$K$201,0),"")
A22: Se muestran hasta 15 entregas, ordenadas por fecha. Las terminadas no aparecen.

Sheet Carga
A1: Carga de entregas por semana
A2: Sirve para ver con tiempo qué semanas se cruzan varias entregas.
A4: Periodo | B4: Desde | C4: Hasta | D4: Entregas pendientes | E4: De prioridad alta | F4: Nivel | G4: Vista
A5: Vencidas sin terminar | D5: =COUNTIFS(Actividades!$C$2:$C$201,"<"&TODAY(),Actividades!$G$2:$G$201,"<>Terminada",Actividades!$A$2:$A$201,"<>") -> 1 | E5: =COUNTIFS(Actividades!$C$2:$C$201,"<"&TODAY(),Actividades!$G$2:$G$201,"<>Terminada",Actividades!$F$2:$F$201,"Alta",Actividades!$A$2:$A$201,"<>") -> 0 | F5: =IF(D5>0,"Ponte al día","OK") -> Ponte al día | G5: =REPT("█",D5) -> █
A6: Semana 1 | B6: =TODAY()+7*0 -> 46294 | C6: =B6+6 -> 46300 | D6: =COUNTIFS(Actividades!$C$2:$C$201,">="&B6,Actividades!$C$2:$C$201,"<="&C6,Actividades!$G$2:$G$201,"<>Terminada",Actividades!$A$2:$A$201,"<>") -> 3 | E6: =COUNTIFS(Actividades!$C$2:$C$201,">="&B6,Actividades!$C$2:$C$201,"<="&C6,Actividades!$G$2:$G$201,"<>Terminada",Actividades!$F$2:$F$201,"Alta",Actividades!$A$2:$A$201,"<>") -> 2 | F6: =IF(D6>=Instrucciones!$C$17,"Semana cargada","OK") -> Semana cargada | G6: =REPT("█",D6) -> ███
A7: Semana 2 | B7: =TODAY()+7*1 -> 46301 | C7: =B7+6 -> 46307 | D7: =COUNTIFS(Actividades!$C$2:$C$201,">="&B7,Actividades!$C$2:$C$201,"<="&C7,Actividades!$G$2:$G$201,"<>Terminada",Actividades!$A$2:$A$201,"<>") -> 3 | E7: =COUNTIFS(Actividades!$C$2:$C$201,">="&B7,Actividades!$C$2:$C$201,"<="&C7,Actividades!$G$2:$G$201,"<>Terminada",Actividades!$F$2:$F$201,"Alta",Actividades!$A$2:$A$201,"<>") -> 2 | F7: =IF(D7>=Instrucciones!$C$17,"Semana cargada","OK") -> Semana cargada | G7: =REPT("█",D7) -> ███
A8: Semana 3 | B8: =TODAY()+7*2 -> 46308 | C8: =B8+6 -> 46314 | D8: =COUNTIFS(Actividades!$C$2:$C$201,">="&B8,Actividades!$C$2:$C$201,"<="&C8,Actividades!$G$2:$G$201,"<>Terminada",Actividades!$A$2:$A$201,"<>") -> 1 | E8: =COUNTIFS(Actividades!$C$2:$C$201,">="&B8,Actividades!$C$2:$C$201,"<="&C8,Actividades!$G$2:$G$201,"<>Terminada",Actividades!$F$2:$F$201,"Alta",Actividades!$A$2:$A$201,"<>") -> 0 | F8: =IF(D8>=Instrucciones!$C$17,"Semana cargada","OK") -> OK | G8: =REPT("█",D8) -> █
A9: Semana 4 | B9: =TODAY()+7*3 -> 46315 | C9: =B9+6 -> 46321 | D9: =COUNTIFS(Actividades!$C$2:$C$201,">="&B9,Actividades!$C$2:$C$201,"<="&C9,Actividades!$G$2:$G$201,"<>Terminada",Actividades!$A$2:$A$201,"<>") -> 0 | E9: =COUNTIFS(Actividades!$C$2:$C$201,">="&B9,Actividades!$C$2:$C$201,"<="&C9,Actividades!$G$2:$G$201,"<>Terminada",Actividades!$F$2:$F$201,"Alta",Actividades!$A$2:$A$201,"<>") -> 0 | F9: =IF(D9>=Instrucciones!$C$17,"Semana cargada","OK") -> OK | G9: =REPT("█",D9)
A10: Semana 5 | B10: =TODAY()+7*4 -> 46322 | C10: =B10+6 -> 46328 | D10: =COUNTIFS(Actividades!$C$2:$C$201,">="&B10,Actividades!$C$2:$C$201,"<="&C10,Actividades!$G$2:$G$201,"<>Terminada",Actividades!$A$2:$A$201,"<>") -> 0 | E10: =COUNTIFS(Actividades!$C$2:$C$201,">="&B10,Actividades!$C$2:$C$201,"<="&C10,Actividades!$G$2:$G$201,"<>Terminada",Actividades!$F$2:$F$201,"Alta",Actividades!$A$2:$A$201,"<>") -> 0 | F10: =IF(D10>=Instrucciones!$C$17,"Semana cargada","OK") -> OK | G10: =REPT("█",D10)
A11: Semana 6 | B11: =TODAY()+7*5 -> 46329 | C11: =B11+6 -> 46335 | D11: =COUNTIFS(Actividades!$C$2:$C$201,">="&B11,Actividades!$C$2:$C$201,"<="&C11,Actividades!$G$2:$G$201,"<>Terminada",Actividades!$A$2:$A$201,"<>") -> 0 | E11: =COUNTIFS(Actividades!$C$2:$C$201,">="&B11,Actividades!$C$2:$C$201,"<="&C11,Actividades!$G$2:$G$201,"<>Terminada",Actividades!$F$2:$F$201,"Alta",Actividades!$A$2:$A$201,"<>") -> 0 | F11: =IF(D11>=Instrucciones!$C$17,"Semana cargada","OK") -> OK | G11: =REPT("█",D11)
A13: Cada semana cuenta 7 días desde hoy. Si una semana sale cargada, mueve lo que puedas adelantar a la anterior.

Sheet Progreso
A1: Progreso por asignatura
A3: Asignatura | B3: Total | C3: Terminadas | D3: En proceso | E3: Pendientes | F3: Avance | G3: Barra
A4: =IF(Asignaturas!A2="","",Asignaturas!A2) -> Cálculo diferencial | B4: =IF($A4="","",COUNTIF(Actividades!$B$2:$B$201,$A4)) -> 3 | C4: =IF($A4="","",COUNTIFS(Actividades!$B$2:$B$201,$A4,Actividades!$G$2:$G$201,"Terminada")) -> 0 | D4: =IF($A4="","",COUNTIFS(Actividades!$B$2:$B$201,$A4,Actividades!$G$2:$G$201,"En proceso")) -> 1 | E4: =IF($A4="","",COUNTIFS(Actividades!$B$2:$B$201,$A4,Actividades!$G$2:$G$201,"Pendiente")) -> 2 | F4: =IF($A4="","",IF(B4=0,0,C4/B4)) -> 0 | G4: =IF($A4="","",REPT("█",ROUND(F4*20,0))&REPT("░",20-ROUND(F4*20,0))) -> ░░░░░░░░░░░░░░░░░░░░
A5: =IF(Asignaturas!A3="","",Asignaturas!A3) -> Bases de datos | B5: =IF($A5="","",COUNTIF(Actividades!$B$2:$B$201,$A5)) -> 2 | C5: =IF($A5="","",COUNTIFS(Actividades!$B$2:$B$201,$A5,Actividades!$G$2:$G$201,"Terminada")) -> 0 | D5: =IF($A5="","",COUNTIFS(Actividades!$B$2:$B$201,$A5,Actividades!$G$2:$G$201,"En proceso")) -> 0 | E5: =IF($A5="","",COUNTIFS(Actividades!$B$2:$B$201,$A5,Actividades!$G$2:$G$201,"Pendiente")) -> 2 | F5: =IF($A5="","",IF(B5=0,0,C5/B5)) -> 0 | G5: =IF($A5="","",REPT("█",ROUND(F5*20,0))&REPT("░",20-ROUND(F5*20,0))) -> ░░░░░░░░░░░░░░░░░░░░
A6: =IF(Asignaturas!A4="","",Asignaturas!A4) -> Inglés | B6: =IF($A6="","",COUNTIF(Actividades!$B$2:$B$201,$A6)) -> 2 | C6: =IF($A6="","",COUNTIFS(Actividades!$B$2:$B$201,$A6,Actividades!$G$2:$G$201,"Terminada")) -> 0 | D6: =IF($A6="","",COUNTIFS(Actividades!$B$2:$B$201,$A6,Actividades!$G$2:$G$201,"En proceso")) -> 1 | E6: =IF($A6="","",COUNTIFS(Actividades!$B$2:$B$201,$A6,Actividades!$G$2:$G$201,"Pendiente")) -> 1 | F6: =IF($A6="","",IF(B6=0,0,C6/B6)) -> 0 | G6: =IF($A6="","",REPT("█",ROUND(F6*20,0))&REPT("░",20-ROUND(F6*20,0))) -> ░░░░░░░░░░░░░░░░░░░░
A7: =IF(Asignaturas!A5="","",Asignaturas!A5) -> Seminario investigativo | B7: =IF($A7="","",COUNTIF(Actividades!$B$2:$B$201,$A7)) -> 2 | C7: =IF($A7="","",COUNTIFS(Actividades!$B$2:$B$201,$A7,Actividades!$G$2:$G$201,"Terminada")) -> 1 | D7: =IF($A7="","",COUNTIFS(Actividades!$B$2:$B$201,$A7,Actividades!$G$2:$G$201,"En proceso")) -> 0 | E7: =IF($A7="","",COUNTIFS(Actividades!$B$2:$B$201,$A7,Actividades!$G$2:$G$201,"Pendiente")) -> 1 | F7: =IF($A7="","",IF(B7=0,0,C7/B7)) -> 0.5 | G7: =IF($A7="","",REPT("█",ROUND(F7*20,0))&REPT("░",20-ROUND(F7*20,0))) -> ██████████░░░░░░░░░░
A8: =IF(Asignaturas!A6="","",Asignaturas!A6) | B8: =IF($A8="","",COUNTIF(Actividades!$B$2:$B$201,$A8)) | C8: =IF($A8="","",COUNTIFS(Actividades!$B$2:$B$201,$A8,Actividades!$G$2:$G$201,"Terminada")) | D8: =IF($A8="","",COUNTIFS(Actividades!$B$2:$B$201,$A8,Actividades!$G$2:$G$201,"En proceso")) | E8: =IF($A8="","",COUNTIFS(Actividades!$B$2:$B$201,$A8,Actividades!$G$2:$G$201,"Pendiente")) | F8: =IF($A8="","",IF(B8=0,0,C8/B8)) | G8: =IF($A8="","",REPT("█",ROUND(F8*20,0))&REPT("░",20-ROUND(F8*20,0)))
A9: =IF(Asignaturas!A7="","",Asignaturas!A7) | B9: =IF($A9="","",COUNTIF(Actividades!$B$2:$B$201,$A9)) | C9: =IF($A9="","",COUNTIFS(Actividades!$B$2:$B$201,$A9,Actividades!$G$2:$G$201,"Terminada")) | D9: =IF($A9="","",COUNTIFS(Actividades!$B$2:$B$201,$A9,Actividades!$G$2:$G$201,"En proceso")) | E9: =IF($A9="","",COUNTIFS(Actividades!$B$2:$B$201,$A9,Actividades!$G$2:$G$201,"Pendiente")) | F9: =IF($A9="","",IF(B9=0,0,C9/B9)) | G9: =IF($A9="","",REPT("█",ROUND(F9*20,0))&REPT("░",20-ROUND(F9*20,0)))
A10: =IF(Asignaturas!A8="","",Asignaturas!A8) | B10: =IF($A10="","",COUNTIF(Actividades!$B$2:$B$201,$A10)) | C10: =IF($A10="","",COUNTIFS(Actividades!$B$2:$B$201,$A10,Actividades!$G$2:$G$201,"Terminada")) | D10: =IF($A10="","",COUNTIFS(Actividades!$B$2:$B$201,$A10,Actividades!$G$2:$G$201,"En proceso")) | E10: =IF($A10="","",COUNTIFS(Actividades!$B$2:$B$201,$A10,Actividades!$G$2:$G$201,"Pendiente")) | F10: =IF($A10="","",IF(B10=0,0,C10/B10)) | G10: =IF($A10="","",REPT("█",ROUND(F10*20,0))&REPT("░",20-ROUND(F10*20,0)))
A11: =IF(Asignaturas!A9="","",Asignaturas!A9) | B11: =IF($A11="","",COUNTIF(Actividades!$B$2:$B$201,$A11)) | C11: =IF($A11="","",COUNTIFS(Actividades!$B$2:$B$201,$A11,Actividades!$G$2:$G$201,"Terminada")) | D11: =IF($A11="","",COUNTIFS(Actividades!$B$2:$B$201,$A11,Actividades!$G$2:$G$201,"En proceso")) | E11: =IF($A11="","",COUNTIFS(Actividades!$B$2:$B$201,$A11,Actividades!$G$2:$G$201,"Pendiente")) | F11: =IF($A11="","",IF(B11=0,0,C11/B11)) | G11: =IF($A11="","",REPT("█",ROUND(F11*20,0))&REPT("░",20-ROUND(F11*20,0)))
A12: =IF(Asignaturas!A10="","",Asignaturas!A10) | B12: =IF($A12="","",COUNTIF(Actividades!$B$2:$B$201,$A12)) | C12: =IF($A12="","",COUNTIFS(Actividades!$B$2:$B$201,$A12,Actividades!$G$2:$G$201,"Terminada")) | D12: =IF($A12="","",COUNTIFS(Actividades!$B$2:$B$201,$A12,Actividades!$G$2:$G$201,"En proceso")) | E12: =IF($A12="","",COUNTIFS(Actividades!$B$2:$B$201,$A12,Actividades!$G$2:$G$201,"Pendiente")) | F12: =IF($A12="","",IF(B12=0,0,C12/B12)) | G12: =IF($A12="","",REPT("█",ROUND(F12*20,0))&REPT("░",20-ROUND(F12*20,0)))
A13: =IF(Asignaturas!A11="","",Asignaturas!A11) | B13: =IF($A13="","",COUNTIF(Actividades!$B$2:$B$201,$A13)) | C13: =IF($A13="","",COUNTIFS(Actividades!$B$2:$B$201,$A13,Actividades!$G$2:$G$201,"Terminada")) | D13: =IF($A13="","",COUNTIFS(Actividades!$B$2:$B$201,$A13,Actividades!$G$2:$G$201,"En proceso")) | E13: =IF($A13="","",COUNTIFS(Actividades!$B$2:$B$201,$A13,Actividades!$G$2:$G$201,"Pendiente")) | F13: =IF($A13="","",IF(B13=0,0,C13/B13)) | G13: =IF($A13="","",REPT("█",ROUND(F13*20,0))&REPT("░",20-ROUND(F13*20,0)))
A14: =IF(Asignaturas!A12="","",Asignaturas!A12) | B14: =IF($A14="","",COUNTIF(Actividades!$B$2:$B$201,$A14)) | C14: =IF($A14="","",COUNTIFS(Actividades!$B$2:$B$201,$A14,Actividades!$G$2:$G$201,"Terminada")) | D14: =IF($A14="","",COUNTIFS(Actividades!$B$2:$B$201,$A14,Actividades!$G$2:$G$201,"En proceso")) | E14: =IF($A14="","",COUNTIFS(Actividades!$B$2:$B$201,$A14,Actividades!$G$2:$G$201,"Pendiente")) | F14: =IF($A14="","",IF(B14=0,0,C14/B14)) | G14: =IF($A14="","",REPT("█",ROUND(F14*20,0))&REPT("░",20-ROUND(F14*20,0)))
A15: =IF(Asignaturas!A13="","",Asignaturas!A13) | B15: =IF($A15="","",COUNTIF(Actividades!$B$2:$B$201,$A15)) | C15: =IF($A15="","",COUNTIFS(Actividades!$B$2:$B$201,$A15,Actividades!$G$2:$G$201,"Terminada")) | D15: =IF($A15="","",COUNTIFS(Actividades!$B$2:$B$201,$A15,Actividades!$G$2:$G$201,"En proceso")) | E15: =IF($A15="","",COUNTIFS(Actividades!$B$2:$B$201,$A15,Actividades!$G$2:$G$201,"Pendiente")) | F15: =IF($A15="","",IF(B15=0,0,C15/B15)) | G15: =IF($A15="","",REPT("█",ROUND(F15*20,0))&REPT("░",20-ROUND(F15*20,0)))
A16: TOTAL | B16: =SUM(B4:B15) -> 9 | C16: =SUM(C4:C15) -> 1 | D16: =SUM(D4:D15) -> 2 | E16: =SUM(E4:E15) -> 6 | F16: =IF(B16=0,0,C16/B16) -> 0.11111111 | G16: =REPT("█",ROUND(F16*20,0))&REPT("░",20-ROUND(F16*20,0)) -> ██░░░░░░░░░░░░░░░░░░
A18: El avance es el porcentaje de actividades terminadas sobre el total registrado en cada asignatura.
